Artist Name,Genre,Popularity,Followers,ID,URI,Followers to Popularity (%),Number of Genres,Genres,Years Active
Linkin Park,alternative,93,27698423,6XyY86QOPPrYVGvF9ch6wz,spotify:artist:6XyY86QOPPrYVGvF9ch6wz,29783250.54,5,"alternative metal, nu metal, post-grunge, rap metal, rock",Unknown
The Neighbourhood,alternative,86,18578425,77SW9BnxLY8rJ0RciFqkHh,spotify:artist:77SW9BnxLY8rJ0RciFqkHh,21602819.77,3,"modern alternative rock, modern rock, pop",Unknown
Deftones,alternative,81,6207308,6Ghvu1VvMGScGpOUJBAHNH,spotify:artist:6Ghvu1VvMGScGpOUJBAHNH,7663343.21,5,"alternative metal, nu metal, rap metal, rock, sacramento indie",Unknown
Radiohead,alternative,84,10909597,4Z8W4fKeB5YxbusRsdQVPb,spotify:artist:4Z8W4fKeB5YxbusRsdQVPb,12987615.48,6,"alternative rock, art rock, melancholia, oxford indie, permanent wave, rock",Unknown
Red Hot Chili Peppers,alternative,84,21638220,0L8ExT028jH3ddEcZwqJJ5,spotify:artist:0L8ExT028jH3ddEcZwqJJ5,25759785.71,5,"alternative rock, funk metal, funk rock, permanent wave, rock",Unknown
System Of A Down,alternative,83,11715877,5eAWCfyUhZtHHtBdNk56l1,spotify:artist:5eAWCfyUhZtHHtBdNk56l1,14115514.46,4,"alternative metal, nu metal, rap metal, rock",Unknown
Chase Atlantic,alternative,83,8474145,7cYEt1pqMgXJdq00hAwVpT,spotify:artist:7cYEt1pqMgXJdq00hAwVpT,10209813.25,1,alternative r&b,Unknown
Nickelback,alternative,80,7184682,6deZN1bslXzeGvOLaLMOIF,spotify:artist:6deZN1bslXzeGvOLaLMOIF,8980852.5,3,"alternative metal, canadian rock, post-grunge",Unknown
Slipknot,alternative,81,12181851,05fG473iIaoy82BF1aGhL8,spotify:artist:05fG473iIaoy82BF1aGhL8,15039322.22,4,"alternative metal, nu metal, rap metal, rock",Unknown
Dominic Fike,alternative,79,1934643,6USv9qhCn6zfxlBQIYJ9qs,spotify:artist:6USv9qhCn6zfxlBQIYJ9qs,2448915.19,2,"alternative pop rock, pov: indie",Unknown
Gorillaz,alternative,81,12377692,3AA28KZvwAUcZuOKwyblJQ,spotify:artist:3AA28KZvwAUcZuOKwyblJQ,15281101.23,3,"alternative hip hop, modern rock, rock",Unknown
blink-182,alternative,79,8632957,6FBDaR13swtiWwGhX1WQsP,spotify:artist:6FBDaR13swtiWwGhX1WQsP,10927793.67,6,"alternative metal, modern rock, pop punk, punk, rock, socal pop punk",Unknown
Three Days Grace,alternative,78,6428341,2xiIXseIJcq3nG7C8fHeBj,spotify:artist:2xiIXseIJcq3nG7C8fHeBj,8241462.82,6,"alternative metal, canadian metal, canadian rock, nu metal, post-grunge, rock",Unknown
Doechii,alternative,77,694150,4E2rKHVDssGJm2SCDOMMJB,spotify:artist:4E2rKHVDssGJm2SCDOMMJB,901493.51,1,alternative r&b,Unknown
Korn,alternative,78,8249355,3RNrq3jvMZxD9ZyoOZbQOD,spotify:artist:3RNrq3jvMZxD9ZyoOZbQOD,10576096.15,7,"alternative metal, funk metal, hard rock, nu metal, post-grunge, rap metal, rock",Unknown
Cage The Elephant,alternative,76,3931299,26T3LtbuGT1Fu9m0eRq5X3,spotify:artist:26T3LtbuGT1Fu9m0eRq5X3,5172761.84,5,"modern alternative rock, modern rock, pov: indie, punk blues, rock",Unknown
Weezer,alternative,76,3938973,3jOstUTkEu2JkjvRdBA5Gu,spotify:artist:3jOstUTkEu2JkjvRdBA5Gu,5182859.21,5,"alternative rock, modern power pop, modern rock, permanent wave, rock",Unknown
The Killers,alternative,79,7560158,0C0XlULifJtAgn6ZNCW2eu,spotify:artist:0C0XlULifJtAgn6ZNCW2eu,9569820.25,5,"alternative rock, dance rock, modern rock, permanent wave, rock",Unknown
Alice In Chains,alternative,75,5402137,64tNsm6TnZe2zpcMVMOoHL,spotify:artist:64tNsm6TnZe2zpcMVMOoHL,7202849.33,6,"alternative metal, alternative rock, grunge, hard rock, nu metal, rock",Unknown
The Strokes,alternative,78,5974886,0epOFNiUfyON9EYx7Tpr6V,spotify:artist:0epOFNiUfyON9EYx7Tpr6V,7660110.26,5,"alternative rock, garage rock, modern rock, permanent wave, rock",Unknown
The Offspring,alternative,79,5933837,5LfGQac0EIXyAN8aUwmNAQ,spotify:artist:5LfGQac0EIXyAN8aUwmNAQ,7511186.08,7,"alternative metal, permanent wave, post-grunge, punk, rock, skate punk, socal pop punk",Unknown
Creed,alternative,75,3611076,43sZBwHjahUvgbx1WNIkIz,spotify:artist:43sZBwHjahUvgbx1WNIkIz,4814768.0,4,"alternative metal, nu metal, post-grunge, rock",Unknown
Foo Fighters,alternative,78,12160717,7jy3rLJdDQY21OgRLCZ9sD,spotify:artist:7jy3rLJdDQY21OgRLCZ9sD,15590662.82,6,"alternative metal, alternative rock, modern rock, permanent wave, post-grunge, rock",Unknown
Falling In Reverse,alternative,76,3557165,2CmaKO2zEGJ1NWpS1yfVGz,spotify:artist:2CmaKO2zEGJ1NWpS1yfVGz,4680480.26,2,"alternative metal, rap metal",Unknown
Florence + The Machine,alternative,78,6914576,1moxjboGR7GNWYIMWsRjgG,spotify:artist:1moxjboGR7GNWYIMWsRjgG,8864841.03,4,"baroque pop, modern rock, neo mellow, uk alternative pop",Unknown
The Smashing Pumpkins,alternative,75,5418651,40Yq4vzPs9VNUrIBG5Jr2i,spotify:artist:40Yq4vzPs9VNUrIBG5Jr2i,7224868.0,6,"alternative metal, alternative rock, grunge, permanent wave, rock, spacegrunge",Unknown
Avenged Sevenfold,alternative,78,9312305,0nmQIMXWTXfhgOBdNzhGOs,spotify:artist:0nmQIMXWTXfhgOBdNzhGOs,11938852.56,1,alternative metal,Unknown
Limp Bizkit,alternative,78,6565492,165ZgPlLkK7bf5bDoFc6Sb,spotify:artist:165ZgPlLkK7bf5bDoFc6Sb,8417297.44,6,"alternative metal, funk metal, nu metal, post-grunge, rap metal, rock",Unknown
Breaking Benjamin,alternative,74,4772005,5BtHciL0e0zOP7prIHn3pP,spotify:artist:5BtHciL0e0zOP7prIHn3pP,6448655.41,3,"alternative metal, nu metal, post-grunge",Unknown
The 1975,alternative,78,7472142,3mIj9lX2MWuHmhNCA7LSCW,spotify:artist:3mIj9lX2MWuHmhNCA7LSCW,9579669.23,5,"modern alternative rock, modern rock, pop, pov: indie, rock",Unknown
Five Finger Death Punch,alternative,75,6564961,5t28BP42x2axFnqOOMg3CM,spotify:artist:5t28BP42x2axFnqOOMg3CM,8753281.33,3,"alternative metal, groove metal, nu metal",Unknown
The Alchemist,alternative,73,756837,0eVyjRhzZKke2KFYTcDkeu,spotify:artist:0eVyjRhzZKke2KFYTcDkeu,1036763.01,5,"alternative hip hop, drumless hip hop, hip hop, instrumental hip hop, west coast rap",Unknown
Shinedown,alternative,72,4217564,70BYFdaZbEKbeauJ670ysI,spotify:artist:70BYFdaZbEKbeauJ670ysI,5857727.78,3,"alternative metal, nu metal, post-grunge",Unknown
Disturbed,alternative,77,6969397,3TOqt5oJwL9BE2NG9MEwDa,spotify:artist:3TOqt5oJwL9BE2NG9MEwDa,9051164.94,4,"alternative metal, nu metal, rap metal, rock",Unknown
Pearl Jam,alternative,77,9169907,1w5Kfo2jwwIPruYS2UWh56,spotify:artist:1w5Kfo2jwwIPruYS2UWh56,11908970.13,7,"alternative metal, alternative rock, classic rock, grunge, hard rock, permanent wave, rock",Unknown
MGMT,alternative,75,3243489,0SwO7SWeDHJijQ3XNS7xEE,spotify:artist:0SwO7SWeDHJijQ3XNS7xEE,4324652.0,5,"alternative rock, indie rock, indietronica, modern rock, rock",Unknown
Skillet,alternative,76,5362929,49bzE5vRBRIota4qeHtQM8,spotify:artist:49bzE5vRBRIota4qeHtQM8,7056485.53,4,"alternative metal, christian alternative rock, christian music, christian rock",Unknown
Santigold,alternative,72,735799,6Jrxnp0JgqmeUX1veU591p,spotify:artist:6Jrxnp0JgqmeUX1veU591p,1021943.06,4,"alternative dance, art pop, indietronica, neo-synthpop",Unknown
Papa Roach,alternative,74,5440065,4RddZ3iHvSpGV4dvATac9X,spotify:artist:4RddZ3iHvSpGV4dvATac9X,7351439.19,5,"alternative metal, nu metal, rap metal, rap rock, rock",Unknown
3 Doors Down,alternative,73,4520658,2RTUTCvo6onsAnheUk3aL9,spotify:artist:2RTUTCvo6onsAnheUk3aL9,6192682.19,4,"alternative metal, nu metal, post-grunge, rock",Unknown
Seether,alternative,71,3527024,6B5c4sch27tWHAGdarpPaW,spotify:artist:6B5c4sch27tWHAGdarpPaW,4967639.44,4,"alternative metal, nu metal, post-grunge, south african rock",Unknown
Earl Sweatshirt,alternative,71,2302645,3A5tHz1SfngyOZM2gItYKu,spotify:artist:3A5tHz1SfngyOZM2gItYKu,3243161.97,6,"alternative hip hop, drumless hip hop, experimental hip hop, hip hop, rap, underground hip hop",Unknown
The Black Keys,alternative,73,4057917,7mnBLXK823vNxN3UWB7Gfz,spotify:artist:7mnBLXK823vNxN3UWB7Gfz,5558790.41,9,"alternative rock, blues rock, garage rock, indie rock, indietronica, modern blues rock, modern rock, punk blues, rock",Unknown
KAYTRANADA,alternative,73,1587101,6qgnBH6iDM91ipVXv28OMu,spotify:artist:6qgnBH6iDM91ipVXv28OMu,2174110.96,4,"alternative r&b, escape room, indie soul, lgbtq+ hip hop",Unknown
Foster The People,alternative,74,3875517,7gP3bB2nilZXLfPHJhMdvc,spotify:artist:7gP3bB2nilZXLfPHJhMdvc,5237185.14,4,"indietronica, modern alternative rock, modern rock, rock",Unknown
Evanescence,alternative,76,4929200,5nGIFgo0shDenQYSE0Sn7c,spotify:artist:5nGIFgo0shDenQYSE0Sn7c,6485789.47,1,alternative metal,Unknown
Ms. Lauryn Hill,alternative,75,3131626,2Mu5NfyYm8n5iTomuKAEHl,spotify:artist:2Mu5NfyYm8n5iTomuKAEHl,4175501.33,6,"alternative r&b, conscious hip hop, hip hop, neo soul, new jersey rap, r&b",Unknown
Muse,alternative,77,8023846,12Chz98pHFMPJEknJQMWvI,spotify:artist:12Chz98pHFMPJEknJQMWvI,10420579.22,4,"alternative rock, modern rock, permanent wave, rock",Unknown
A Day To Remember,alternative,71,2398547,4NiJW4q9ichVqL1aUsgGAN,spotify:artist:4NiJW4q9ichVqL1aUsgGAN,3378235.21,5,"alternative metal, metalcore, neon pop punk, pop punk, screamo",Unknown
Ozzy Osbourne,alternative,73,5862393,6ZLTlhejhndI4Rh53vYhrY,spotify:artist:6ZLTlhejhndI4Rh53vYhrY,8030675.34,8,"album rock, alternative metal, birmingham metal, classic rock, glam metal, hard rock, metal, rock",Unknown
Green Day,punk-rock,83,15745704,7oPftvlwr6VrsViSDV7fJY,spotify:artist:7oPftvlwr6VrsViSDV7fJY,18970727.71,4,"modern rock, permanent wave, punk, rock",Unknown
My Chemical Romance,punk-rock,81,9107725,7FBcuc1gsnv6Y1nwFtNRCb,spotify:artist:7FBcuc1gsnv6Y1nwFtNRCb,11244104.94,5,"emo, modern rock, pop punk, pov: indie, rock",Unknown
Paramore,punk-rock,80,8915864,74XFHRwlV6OrjEM0A2NCMF,spotify:artist:74XFHRwlV6OrjEM0A2NCMF,11144830.0,7,"candy pop, modern rock, pixie, pop, pop emo, pop punk, rock",Unknown
The Smiths,punk-rock,80,6586533,3yY2gUcIsjMr8hjo51PoJ8,spotify:artist:3yY2gUcIsjMr8hjo51PoJ8,8233166.25,5,"madchester, new wave, permanent wave, rock, uk post-punk",Unknown
blink-182,punk-rock,79,8632957,6FBDaR13swtiWwGhX1WQsP,spotify:artist:6FBDaR13swtiWwGhX1WQsP,10927793.67,6,"alternative metal, modern rock, pop punk, punk, rock, socal pop punk",Unknown
Pierce The Veil,punk-rock,75,3254179,4iJLPqClelZOBCBifm8Fzv,spotify:artist:4iJLPqClelZOBCBifm8Fzv,4338905.33,3,"modern rock, pop punk, screamo",Unknown
Cage The Elephant,punk-rock,76,3931299,26T3LtbuGT1Fu9m0eRq5X3,spotify:artist:26T3LtbuGT1Fu9m0eRq5X3,5172761.84,5,"modern alternative rock, modern rock, pov: indie, punk blues, rock",Unknown
The Offspring,punk-rock,79,5933837,5LfGQac0EIXyAN8aUwmNAQ,spotify:artist:5LfGQac0EIXyAN8aUwmNAQ,7511186.08,7,"alternative metal, permanent wave, post-grunge, punk, rock, skate punk, socal pop punk",Unknown
Sublime,punk-rock,73,3017076,0EdvGhlC1FkGItLOWQzG4J,spotify:artist:0EdvGhlC1FkGItLOWQzG4J,4132980.82,4,"rap rock, reggae fusion, ska mexicano, ska punk",Unknown
The Cure,punk-rock,79,5925523,7bu3H8JO7d0UbMoVzbo70s,spotify:artist:7bu3H8JO7d0UbMoVzbo70s,7500662.03,4,"new wave, permanent wave, rock, uk post-punk",Unknown
The Black Keys,punk-rock,73,4057917,7mnBLXK823vNxN3UWB7Gfz,spotify:artist:7mnBLXK823vNxN3UWB7Gfz,5558790.41,9,"alternative rock, blues rock, garage rock, indie rock, indietronica, modern blues rock, modern rock, punk blues, rock",Unknown
Rise Against,punk-rock,73,2776173,6Wr3hh341P84m3EI8qdn9O,spotify:artist:6Wr3hh341P84m3EI8qdn9O,3802976.71,8,"alternative metal, chicago hardcore, chicago punk, hardcore punk, modern rock, pop punk, post-grunge, punk",Unknown
Sum 41,punk-rock,75,4014622,0qT79UgT5tY4yudH9VfsdT,spotify:artist:0qT79UgT5tY4yudH9VfsdT,5352829.33,8,"alternative metal, canadian pop punk, canadian punk, modern rock, pop punk, post-grunge, punk, rock",Unknown
The White Stripes,punk-rock,72,3265664,4F84IBURUo98rz4r61KF70,spotify:artist:4F84IBURUo98rz4r61KF70,4535644.44,8,"alternative rock, blues rock, detroit rock, garage rock, modern blues rock, permanent wave, punk blues, rock",Unknown
All Time Low,punk-rock,70,3080302,46gyXjRIvN1NL1eCB8GBxo,spotify:artist:46gyXjRIvN1NL1eCB8GBxo,4400431.43,3,"modern rock, neon pop punk, pop punk",Unknown
Talking Heads,punk-rock,71,2587819,2x9SpqnPi8rlE9pjHBwmSC,spotify:artist:2x9SpqnPi8rlE9pjHBwmSC,3644815.49,9,"alternative rock, art punk, dance rock, funk rock, new wave, permanent wave, post-punk, rock, zolo",Unknown
Jimmy Eat World,punk-rock,70,1630724,3Ayl7mCk0nScecqOzvNp6s,spotify:artist:3Ayl7mCk0nScecqOzvNp6s,2329605.71,11,"alternative metal, alternative rock, emo, modern power pop, modern rock, neon pop punk, pop punk, pop rock, post-grunge, punk, rock",Unknown
The All-American Rejects,punk-rock,68,2717559,3vAaWhdBR38Q02ohXqaNHT,spotify:artist:3vAaWhdBR38Q02ohXqaNHT,3996410.29,7,"alternative metal, modern rock, neo mellow, neon pop punk, pop punk, pop rock, post-grunge",Unknown
The Clash,punk-rock,72,2883735,3RGLhK1IP9jnYFH4BRFJBS,spotify:artist:3RGLhK1IP9jnYFH4BRFJBS,4005187.5,4,"alternative rock, permanent wave, punk, rock",Unknown
Yeah Yeah Yeahs,punk-rock,70,1372005,3TNt4aUIxgfy9aoaft5Jj2,spotify:artist:3TNt4aUIxgfy9aoaft5Jj2,1960007.14,9,"alternative dance, alternative rock, art pop, dance-punk, garage rock, indie rock, modern rock, neo-synthpop, new rave",Unknown
Good Charlotte,punk-rock,68,2647809,5aYyPjAsLj7UzANzdupwnS,spotify:artist:5aYyPjAsLj7UzANzdupwnS,3893836.76,6,"alternative metal, modern rock, neon pop punk, pop punk, pop rock, post-grunge",Unknown
Simple Plan,punk-rock,70,3700901,2p4FqHnazRucYQHyDCdBrJ,spotify:artist:2p4FqHnazRucYQHyDCdBrJ,5287001.43,7,"canadian pop punk, canadian punk, canadian rock, modern rock, neon pop punk, pop punk, pop rock",Unknown
Soda Stereo,punk-rock,76,9180571,7An4yvF7hDYDolN4m5zKBp,spotify:artist:7An4yvF7hDYDolN4m5zKBp,12079698.68,6,"argentine rock, latin alternative, latin rock, post-punk argentina, rock en espanol, ska argentino",Unknown
Ramones,punk-rock,68,2728139,1co4F2pPNH8JjTutZkmgSm,spotify:artist:1co4F2pPNH8JjTutZkmgSm,4011969.12,5,"alternative rock, early us punk, permanent wave, punk, rock",Unknown
Fontaines D.C.,punk-rock,72,688899,3SXwqSqAoBz9WCI9PDQzY6,spotify:artist:3SXwqSqAoBz9WCI9PDQzY6,956804.17,3,"crank wave, irish indie rock, irish post-punk",Unknown
New Order,punk-rock,67,2278106,0yNLKJebCb8Aueb54LYya3,spotify:artist:0yNLKJebCb8Aueb54LYya3,3400158.21,9,"alternative rock, dance rock, madchester, new romantic, new wave, permanent wave, post-punk, synthpop, uk post-punk",Unknown
Joan Jett & the Blackhearts,punk-rock,66,914047,1Fmb52lZ6Jv7FMWXXTPO3K,spotify:artist:1Fmb52lZ6Jv7FMWXXTPO3K,1384919.7,2,"glam punk, rock",Unknown
Lit,punk-rock,61,367204,5mgr0FFpvy267wKVAYg8qp,spotify:artist:5mgr0FFpvy267wKVAYg8qp,601973.77,6,"alternative metal, nu metal, pop punk, pop rock, rap rock, socal pop punk",Unknown
Plain White T's,punk-rock,64,1280090,1g1yxsNVPhMUl9GrMjEb2o,spotify:artist:1g1yxsNVPhMUl9GrMjEb2o,2000140.62,5,"modern rock, neo mellow, neon pop punk, pop punk, pop rock",Unknown
Bowling For Soup,punk-rock,62,1177101,5ND0mGcL9SKSjWIjPd0xIb,spotify:artist:5ND0mGcL9SKSjWIjPd0xIb,1898550.0,4,"neon pop punk, pop punk, pop rock, texas pop punk",Unknown
We Came As Romans,punk-rock,63,874880,6qO6LhD6FuXK5e2PtfAIMz,spotify:artist:6qO6LhD6FuXK5e2PtfAIMz,1388698.41,5,"christian rock, melodic metalcore, metalcore, pop punk, trancecore",Unknown
Joy Division,punk-rock,65,2563523,432R46LaYsJZV2Gmc4jUV5,spotify:artist:432R46LaYsJZV2Gmc4jUV5,3943881.54,8,"alternative rock, indie rock, madchester, new wave, post-punk, punk, rock, uk post-punk",Unknown
LCD Soundsystem,punk-rock,62,1153146,066X20Nz7iquqkkCW6Jxy6,spotify:artist:066X20Nz7iquqkkCW6Jxy6,1859912.9,11,"alternative dance, alternative rock, art pop, dance rock, dance-punk, electronic rock, electronica, indie rock, indietronica, neo-synthpop, new rave",Unknown
We The Kings,punk-rock,61,1285194,3ao3jf5d70Tf4fPh2bnXVl,spotify:artist:3ao3jf5d70Tf4fPh2bnXVl,2106875.41,3,"neon pop punk, piano rock, pop punk",Unknown
Violent Femmes,punk-rock,60,759748,0rpMdBzQXf7aYRnu5fDBJy,spotify:artist:0rpMdBzQXf7aYRnu5fDBJy,1266246.67,3,"acoustic punk, alternative rock, punk",Unknown
Silverstein,punk-rock,60,740779,1Tsag5J854qxeOo2apszug,spotify:artist:1Tsag5J854qxeOo2apszug,1234631.67,8,"canadian post-hardcore, canadian rock, metalcore, neon pop punk, pop emo, pop punk, post-hardcore, screamo",Unknown
The Cramps,punk-rock,61,528081,4lYtGx5NZQJHsMyhHc5iz3,spotify:artist:4lYtGx5NZQJHsMyhHc5iz3,865706.56,5,"garage rock, gothabilly, post-punk, psychobilly, punk",Unknown
Last Child,punk-rock,75,9760717,1v1khTmozNfxB2ET1Ep288,spotify:artist:1v1khTmozNfxB2ET1Ep288,13014289.33,2,"indonesian pop punk, indonesian rock",Unknown
The B-52's,punk-rock,61,1158648,3gdbcIdNypBsYNu3iiCjtN,spotify:artist:3gdbcIdNypBsYNu3iiCjtN,1899422.95,10,"album rock, classic rock, dance rock, new romantic, new wave, new wave pop, permanent wave, post-punk, rock, zolo",Unknown
Jack White,punk-rock,61,1378068,4FZ3j1oH43e7cukCALsCwf,spotify:artist:4FZ3j1oH43e7cukCALsCwf,2259127.87,9,"alternative rock, blues rock, garage rock, garage rock revival, indie rock, modern blues rock, modern rock, punk blues, rock",Unknown
Siouxsie and the Banshees,punk-rock,61,1193662,1n65zfwYIj5kKEtNgxUlWb,spotify:artist:1n65zfwYIj5kKEtNgxUlWb,1956822.95,7,"alternative rock, dream pop, new romantic, new wave, post-punk, punk, uk post-punk",Unknown
Peter Bjorn and John,punk-rock,62,402916,6u11Qbko2N2hP4lTBYjX86,spotify:artist:6u11Qbko2N2hP4lTBYjX86,649864.52,8,"alternative dance, baroque pop, dance-punk, indie rock, modern rock, new rave, swedish alternative rock, swedish indie pop",Unknown
Dropkick Murphys,punk-rock,62,1267473,7w9jdhcgHNdiPeNPUoFSlx,spotify:artist:7w9jdhcgHNdiPeNPUoFSlx,2044311.29,5,"boston punk, boston rock, celtic punk, celtic rock, punk",Unknown
The Mountain Goats,punk-rock,57,391376,3hyGGjxu73JuzBa757H6R5,spotify:artist:3hyGGjxu73JuzBa757H6R5,686624.56,7,"anti-folk, chamber pop, folk punk, indie rock, lo-fi, melancholia, new weird america",Unknown
Fugazi,punk-rock,60,612841,62sC6lUEWRjbFqXpMmOk4G,spotify:artist:62sC6lUEWRjbFqXpMmOk4G,1021401.67,7,"alternative rock, dc hardcore, noise pop, noise rock, post-hardcore, post-punk, punk",Unknown
Dashboard Confessional,punk-rock,58,631698,4ERtgeBbWRkFzIz6LaFCeY,spotify:artist:4ERtgeBbWRkFzIz6LaFCeY,1089134.48,4,"emo, neon pop punk, pop punk, pop rock",Unknown
Danzig,punk-rock,60,969334,34c4iQ5tkaZKu6Sv28BTde,spotify:artist:34c4iQ5tkaZKu6Sv28BTde,1615556.67,8,"alternative metal, groove metal, grunge, hard rock, industrial rock, metal, nu metal, punk",Unknown
Relient K,punk-rock,55,371420,3nJWBJvK7uGvfp4iZh9CkN,spotify:artist:3nJWBJvK7uGvfp4iZh9CkN,675309.09,4,"canadian ccm, christian alternative rock, christian punk, pop punk",Unknown
The Pogues,punk-rock,63,603807,2wzMOQwNT6ZvVB4amvhFAH,spotify:artist:2wzMOQwNT6ZvVB4amvhFAH,958423.81,4,"celtic punk, celtic rock, folk punk, punk",Unknown
Dead Kennedys,punk-rock,57,863775,30U8fYtiNpeA5KH6H87QUV,spotify:artist:30U8fYtiNpeA5KH6H87QUV,1515394.74,4,"alternative rock, early us punk, hardcore punk, punk",Unknown
My Chemical Romance,pop-punk,81,9107725,7FBcuc1gsnv6Y1nwFtNRCb,spotify:artist:7FBcuc1gsnv6Y1nwFtNRCb,11244104.94,5,"emo, modern rock, pop punk, pov: indie, rock",Unknown
Paramore,pop-punk,80,8915864,74XFHRwlV6OrjEM0A2NCMF,spotify:artist:74XFHRwlV6OrjEM0A2NCMF,11144830.0,7,"candy pop, modern rock, pixie, pop, pop emo, pop punk, rock",Unknown
blink-182,pop-punk,79,8632957,6FBDaR13swtiWwGhX1WQsP,spotify:artist:6FBDaR13swtiWwGhX1WQsP,10927793.67,6,"alternative metal, modern rock, pop punk, punk, rock, socal pop punk",Unknown
Pierce The Veil,pop-punk,75,3254179,4iJLPqClelZOBCBifm8Fzv,spotify:artist:4iJLPqClelZOBCBifm8Fzv,4338905.33,3,"modern rock, pop punk, screamo",Unknown
The Offspring,pop-punk,79,5933837,5LfGQac0EIXyAN8aUwmNAQ,spotify:artist:5LfGQac0EIXyAN8aUwmNAQ,7511186.08,7,"alternative metal, permanent wave, post-grunge, punk, rock, skate punk, socal pop punk",Unknown
A Day To Remember,pop-punk,71,2398547,4NiJW4q9ichVqL1aUsgGAN,spotify:artist:4NiJW4q9ichVqL1aUsgGAN,3378235.21,5,"alternative metal, metalcore, neon pop punk, pop punk, screamo",Unknown
Rise Against,pop-punk,73,2776173,6Wr3hh341P84m3EI8qdn9O,spotify:artist:6Wr3hh341P84m3EI8qdn9O,3802976.71,8,"alternative metal, chicago hardcore, chicago punk, hardcore punk, modern rock, pop punk, post-grunge, punk",Unknown
Sum 41,pop-punk,75,4014622,0qT79UgT5tY4yudH9VfsdT,spotify:artist:0qT79UgT5tY4yudH9VfsdT,5352829.33,8,"alternative metal, canadian pop punk, canadian punk, modern rock, pop punk, post-grunge, punk, rock",Unknown
All Time Low,pop-punk,70,3080302,46gyXjRIvN1NL1eCB8GBxo,spotify:artist:46gyXjRIvN1NL1eCB8GBxo,4400431.43,3,"modern rock, neon pop punk, pop punk",Unknown
Jimmy Eat World,pop-punk,70,1630724,3Ayl7mCk0nScecqOzvNp6s,spotify:artist:3Ayl7mCk0nScecqOzvNp6s,2329605.71,11,"alternative metal, alternative rock, emo, modern power pop, modern rock, neon pop punk, pop punk, pop rock, post-grunge, punk, rock",Unknown
The All-American Rejects,pop-punk,68,2717559,3vAaWhdBR38Q02ohXqaNHT,spotify:artist:3vAaWhdBR38Q02ohXqaNHT,3996410.29,7,"alternative metal, modern rock, neo mellow, neon pop punk, pop punk, pop rock, post-grunge",Unknown
Sleeping With Sirens,pop-punk,67,2402865,3N8Hy6xQnQv1F1XCiyGQqA,spotify:artist:3N8Hy6xQnQv1F1XCiyGQqA,3586365.67,4,"neon pop punk, pop emo, pop punk, screamo",Unknown
Yeah Yeah Yeahs,pop-punk,70,1372005,3TNt4aUIxgfy9aoaft5Jj2,spotify:artist:3TNt4aUIxgfy9aoaft5Jj2,1960007.14,9,"alternative dance, alternative rock, art pop, dance-punk, garage rock, indie rock, modern rock, neo-synthpop, new rave",Unknown
Good Charlotte,pop-punk,68,2647809,5aYyPjAsLj7UzANzdupwnS,spotify:artist:5aYyPjAsLj7UzANzdupwnS,3893836.76,6,"alternative metal, modern rock, neon pop punk, pop punk, pop rock, post-grunge",Unknown
Simple Plan,pop-punk,70,3700901,2p4FqHnazRucYQHyDCdBrJ,spotify:artist:2p4FqHnazRucYQHyDCdBrJ,5287001.43,7,"canadian pop punk, canadian punk, canadian rock, modern rock, neon pop punk, pop punk, pop rock",Unknown
Taking Back Sunday,pop-punk,63,880963,24XtlMhEMNdi822vi0MhY1,spotify:artist:24XtlMhEMNdi822vi0MhY1,1398353.97,5,"emo, neon pop punk, pop punk, post-hardcore, screamo",Unknown
Asking Alexandria,pop-punk,66,2264419,1caBfBEapzw8z2Qz9q0OaQ,spotify:artist:1caBfBEapzw8z2Qz9q0OaQ,3430937.88,6,"alternative metal, metalcore, pop punk, post-grunge, trancecore, uk metalcore",Unknown
3OH!3,pop-punk,64,1011875,0FWzNDaEu9jdgcYTbcOa4F,spotify:artist:0FWzNDaEu9jdgcYTbcOa4F,1581054.69,5,"dance pop, electropowerpop, pop punk, pop rap, post-teen pop",Unknown
Hot Mulligan,pop-punk,62,259584,1lKZzN2d4IqiEYxyECIEHI,spotify:artist:1lKZzN2d4IqiEYxyECIEHI,418683.87,3,"alternative emo, emo, pop punk",Unknown
Yellowcard,pop-punk,65,1540130,3zxKH0qp3nBCuPZCZT5Vaf,spotify:artist:3zxKH0qp3nBCuPZCZT5Vaf,2369430.77,4,"alternative metal, pop punk, post-grunge, socal pop punk",Unknown
The Used,pop-punk,63,1224579,55VydwMyCuGcavwPuhutPL,spotify:artist:55VydwMyCuGcavwPuhutPL,1943776.19,6,"alternative metal, neon pop punk, pop emo, post-grunge, post-hardcore, screamo",Unknown
The Red Jumpsuit Apparatus,pop-punk,65,1421522,1SImpQO0GbjRgvlwCcCtFo,spotify:artist:1SImpQO0GbjRgvlwCcCtFo,2186956.92,5,"alternative metal, neon pop punk, pop punk, post-grunge, screamo",Unknown
Escape the Fate,pop-punk,64,1364779,5ojhEavq6altxW8fWIlLum,spotify:artist:5ojhEavq6altxW8fWIlLum,2132467.19,7,"alternative metal, metalcore, neon pop punk, pixie, pop punk, post-grunge, screamo",Unknown
Beartooth,pop-punk,63,811492,6vwjIs0tbIiseJMR3pqwiL,spotify:artist:6vwjIs0tbIiseJMR3pqwiL,1288082.54,3,"melodic metalcore, metalcore, pop punk",Unknown
Lit,pop-punk,61,367204,5mgr0FFpvy267wKVAYg8qp,spotify:artist:5mgr0FFpvy267wKVAYg8qp,601973.77,6,"alternative metal, nu metal, pop punk, pop rock, rap rock, socal pop punk",Unknown
Plain White T's,pop-punk,64,1280090,1g1yxsNVPhMUl9GrMjEb2o,spotify:artist:1g1yxsNVPhMUl9GrMjEb2o,2000140.62,5,"modern rock, neo mellow, neon pop punk, pop punk, pop rock",Unknown
Bowling For Soup,pop-punk,62,1177101,5ND0mGcL9SKSjWIjPd0xIb,spotify:artist:5ND0mGcL9SKSjWIjPd0xIb,1898550.0,4,"neon pop punk, pop punk, pop rock, texas pop punk",Unknown
AFI,pop-punk,62,939578,19I4tYiChJoxEO5EuviXpz,spotify:artist:19I4tYiChJoxEO5EuviXpz,1515448.39,6,"alternative metal, nu metal, pop punk, post-grunge, punk, screamo",Unknown
The Story So Far,pop-punk,62,481988,6meTcQ79DrfkIuSLPZkpBg,spotify:artist:6meTcQ79DrfkIuSLPZkpBg,777400.0,3,"alternative emo, emo, pop punk",Unknown
Memphis May Fire,pop-punk,63,875020,7cNNNhdJDrt3vgQjwSavNf,spotify:artist:7cNNNhdJDrt3vgQjwSavNf,1388920.63,3,"melodic metalcore, metalcore, pop punk",Unknown
Black Veil Brides,pop-punk,63,2026496,6O7MpKrY91vlCd4Osi6XKs,spotify:artist:6O7MpKrY91vlCd4Osi6XKs,3216660.32,2,"alternative metal, pop punk",Unknown
Of Mice & Men,pop-punk,61,1318883,4tususHNaR68xdgLstlGBA,spotify:artist:4tususHNaR68xdgLstlGBA,2162103.28,5,"alternative metal, melodic metalcore, metalcore, pop punk, post-grunge",Unknown
We Came As Romans,pop-punk,63,874880,6qO6LhD6FuXK5e2PtfAIMz,spotify:artist:6qO6LhD6FuXK5e2PtfAIMz,1388698.41,5,"christian rock, melodic metalcore, metalcore, pop punk, trancecore",Unknown
Underoath,pop-punk,61,652480,3GzWhE2xadJiW8MqRKIVSK,spotify:artist:3GzWhE2xadJiW8MqRKIVSK,1069639.34,8,"christian metal, christian metalcore, melodic metalcore, metalcore, pop punk, post-hardcore, screamo, tampa indie",Unknown
Brand New,pop-punk,59,727176,168dgYui7ExaU612eooDF1,spotify:artist:168dgYui7ExaU612eooDF1,1232501.69,4,"emo, pop punk, post-hardcore, screamo",Unknown
Mayday Parade,pop-punk,60,1369531,3WfJ1OtrWI7RViX9DMyEGy,spotify:artist:3WfJ1OtrWI7RViX9DMyEGy,2282551.67,3,"neon pop punk, pop emo, pop punk",Unknown
Movements,pop-punk,60,289732,1kkyfIopIiVvaPHHlbsfac,spotify:artist:1kkyfIopIiVvaPHHlbsfac,482886.67,6,"alternative emo, dreamo, emo, midwest emo, pop punk, socal pop punk",Unknown
PVRIS,pop-punk,63,692727,6oFs3qk4VepIVFdoD4jmsy,spotify:artist:6oFs3qk4VepIVFdoD4jmsy,1099566.67,3,"pixie, pop emo, pop punk",Unknown
The Home Team,pop-punk,59,132577,0hp58JplihFjlLstUbKS0x,spotify:artist:0hp58JplihFjlLstUbKS0x,224706.78,1,pop punk,Unknown
Neck Deep,pop-punk,66,1620744,2TM0qnbJH4QPhGMCdPt7fH,spotify:artist:2TM0qnbJH4QPhGMCdPt7fH,2455672.73,2,"pop punk, uk pop punk",Unknown
Waterparks,pop-punk,60,532389,3QaxveoTiMetZCMp1sftiu,spotify:artist:3QaxveoTiMetZCMp1sftiu,887315.0,5,"neon pop punk, pixie, pop punk, pov: indie, texas pop punk",Unknown
LCD Soundsystem,pop-punk,62,1153146,066X20Nz7iquqkkCW6Jxy6,spotify:artist:066X20Nz7iquqkkCW6Jxy6,1859912.9,11,"alternative dance, alternative rock, art pop, dance rock, dance-punk, electronic rock, electronica, indie rock, indietronica, neo-synthpop, new rave",Unknown
We The Kings,pop-punk,61,1285194,3ao3jf5d70Tf4fPh2bnXVl,spotify:artist:3ao3jf5d70Tf4fPh2bnXVl,2106875.41,3,"neon pop punk, piano rock, pop punk",Unknown
State Champs,pop-punk,59,355658,1qqdO7xMptucPDMopsOdkr,spotify:artist:1qqdO7xMptucPDMopsOdkr,602810.17,3,"anthem emo, pixie, pop punk",Unknown
BOYS LIKE GIRLS,pop-punk,61,1229933,0vWCyXMrrvMlCcepuOJaGI,spotify:artist:0vWCyXMrrvMlCcepuOJaGI,2016283.61,2,"neon pop punk, pop punk",Unknown
Cobra Starship,pop-punk,60,505771,2aYJ5LAta2ScCdfLhKgZOY,spotify:artist:2aYJ5LAta2ScCdfLhKgZOY,842951.67,3,"neon pop punk, pop punk, post-teen pop",Unknown
Silverstein,pop-punk,60,740779,1Tsag5J854qxeOo2apszug,spotify:artist:1Tsag5J854qxeOo2apszug,1234631.67,8,"canadian post-hardcore, canadian rock, metalcore, neon pop punk, pop emo, pop punk, post-hardcore, screamo",Unknown
Senses Fail,pop-punk,57,461624,591yCCsZCLXvaJ0Rg38vLZ,spotify:artist:591yCCsZCLXvaJ0Rg38vLZ,809866.67,6,"emo, metalcore, neon pop punk, pop punk, post-hardcore, screamo",Unknown
Against The Current,pop-punk,65,517676,6yhD1KjhLxIETFF7vIRf8B,spotify:artist:6yhD1KjhLxIETFF7vIRf8B,796424.62,3,"neon pop punk, pixie, pop punk",Unknown
Last Child,pop-punk,75,9760717,1v1khTmozNfxB2ET1Ep288,spotify:artist:1v1khTmozNfxB2ET1Ep288,13014289.33,2,"indonesian pop punk, indonesian rock",Unknown
Gene Moore,emo,35,11561,5Jx60tG2VWnk1g3aDHDGs6,spotify:artist:5Jx60tG2VWnk1g3aDHDGs6,33031.43,1,gospel r&b,Unknown
Gene Moss & Fred Rice,emo,16,411,30bcf53zSXMSx58gNCkcir,spotify:artist:30bcf53zSXMSx58gNCkcir,2568.75,0,,Unknown
All Genre Music Records,emo,2,4,3KXuPV9rPvGU6vtJjl6Eeq,spotify:artist:3KXuPV9rPvGU6vtJjl6Eeq,200.0,0,,Unknown
XXXTENTACION,emo,89,47625060,15UsOTVnJzReFVN1VCnxy4,spotify:artist:15UsOTVnJzReFVN1VCnxy4,53511303.37,3,"emo rap, miami hip hop, rap",Unknown
Lil Peep,emo,86,13449280,2kCcBybjl3SAtIcwdWpUe3,spotify:artist:2kCcBybjl3SAtIcwdWpUe3,15638697.67,3,"cloud rap, emo rap, lgbtq+ hip hop",Unknown
Fall Out Boy,emo,80,10968185,4UXqAaa6dQYAk18Lv7PEgX,spotify:artist:4UXqAaa6dQYAk18Lv7PEgX,13710231.25,4,"emo, modern rock, pop, rock",Unknown
My Chemical Romance,emo,81,9107725,7FBcuc1gsnv6Y1nwFtNRCb,spotify:artist:7FBcuc1gsnv6Y1nwFtNRCb,11244104.94,5,"emo, modern rock, pop punk, pov: indie, rock",Unknown
Paramore,emo,80,8915864,74XFHRwlV6OrjEM0A2NCMF,spotify:artist:74XFHRwlV6OrjEM0A2NCMF,11144830.0,7,"candy pop, modern rock, pixie, pop, pop emo, pop punk, rock",Unknown
salvia palth,emo,72,1249665,0pg0Zm8FsGAYy5kdHuBnSo,spotify:artist:0pg0Zm8FsGAYy5kdHuBnSo,1735645.83,6,"countrygaze, lo-fi emo, lo-fi indie, pov: indie, slowcore, small room",Unknown
Jimmy Eat World,emo,70,1630724,3Ayl7mCk0nScecqOzvNp6s,spotify:artist:3Ayl7mCk0nScecqOzvNp6s,2329605.71,11,"alternative metal, alternative rock, emo, modern power pop, modern rock, neon pop punk, pop punk, pop rock, post-grunge, punk, rock",Unknown
Autumn!,emo,66,572032,5delTPpDAtBDsjk60f5xnt,spotify:artist:5delTPpDAtBDsjk60f5xnt,866715.15,4,"emoplugg, glitchcore, plugg, pluggnb",Unknown
6ix9ine,emo,72,6869828,7gZfnEnfiaHzxARJ2LeXrf,spotify:artist:7gZfnEnfiaHzxARJ2LeXrf,9541427.78,1,emo rap,Unknown
Sleeping With Sirens,emo,67,2402865,3N8Hy6xQnQv1F1XCiyGQqA,spotify:artist:3N8Hy6xQnQv1F1XCiyGQqA,3586365.67,4,"neon pop punk, pop emo, pop punk, screamo",Unknown
Title Fight,emo,65,482833,2CnhqfjUG0qzsru0SMuhrk,spotify:artist:2CnhqfjUG0qzsru0SMuhrk,742820.0,5,"dreamo, emo, grungegaze, spacegrunge, zoomergaze",Unknown
Modern Baseball,emo,64,520865,1HxXNvsraqrsgfmju1yKk8,spotify:artist:1HxXNvsraqrsgfmju1yKk8,813851.56,4,"alternative emo, emo, philly indie, pov: indie",Unknown
The Front Bottoms,emo,64,799906,5ictveRyhWRs8Gt8Dvt1hS,spotify:artist:5ictveRyhWRs8Gt8Dvt1hS,1249853.12,4,"asbury park indie, emo, new jersey indie, pov: indie",Unknown
Taking Back Sunday,emo,63,880963,24XtlMhEMNdi822vi0MhY1,spotify:artist:24XtlMhEMNdi822vi0MhY1,1398353.97,5,"emo, neon pop punk, pop punk, post-hardcore, screamo",Unknown
Hot Mulligan,emo,62,259584,1lKZzN2d4IqiEYxyECIEHI,spotify:artist:1lKZzN2d4IqiEYxyECIEHI,418683.87,3,"alternative emo, emo, pop punk",Unknown
Mom Jeans.,emo,62,368809,6PsktPFR0UZptKdSqmlS5h,spotify:artist:6PsktPFR0UZptKdSqmlS5h,594853.23,5,"alternative emo, diy emo, emo, indie punk, north carolina emo",Unknown
The Used,emo,63,1224579,55VydwMyCuGcavwPuhutPL,spotify:artist:55VydwMyCuGcavwPuhutPL,1943776.19,6,"alternative metal, neon pop punk, pop emo, post-grunge, post-hardcore, screamo",Unknown
McCafferty,emo,62,429938,7s3OoIocX1gTOnEvCg2VV8,spotify:artist:7s3OoIocX1gTOnEvCg2VV8,693448.39,2,"alternative emo, pov: indie",Unknown
Panchiko,emo,62,368485,4KEHIUSoWCcqrk8AddTE1O,spotify:artist:4KEHIUSoWCcqrk8AddTE1O,594330.65,3,"diy emo, dream pop, zoomergaze",Unknown
The Story So Far,emo,62,481988,6meTcQ79DrfkIuSLPZkpBg,spotify:artist:6meTcQ79DrfkIuSLPZkpBg,777400.0,3,"alternative emo, emo, pop punk",Unknown
Basement,emo,62,388454,4DUQBYAyOTZotSEdKhaf6c,spotify:artist:4DUQBYAyOTZotSEdKhaf6c,626538.71,3,"alternative emo, dreamo, emo",Unknown
Brand New,emo,59,727176,168dgYui7ExaU612eooDF1,spotify:artist:168dgYui7ExaU612eooDF1,1232501.69,4,"emo, pop punk, post-hardcore, screamo",Unknown
Mayday Parade,emo,60,1369531,3WfJ1OtrWI7RViX9DMyEGy,spotify:artist:3WfJ1OtrWI7RViX9DMyEGy,2282551.67,3,"neon pop punk, pop emo, pop punk",Unknown
Movements,emo,60,289732,1kkyfIopIiVvaPHHlbsfac,spotify:artist:1kkyfIopIiVvaPHHlbsfac,482886.67,6,"alternative emo, dreamo, emo, midwest emo, pop punk, socal pop punk",Unknown
PVRIS,emo,63,692727,6oFs3qk4VepIVFdoD4jmsy,spotify:artist:6oFs3qk4VepIVFdoD4jmsy,1099566.67,3,"pixie, pop emo, pop punk",Unknown
Lil Pump,emo,65,7630936,3wyVrVrFCkukjdVIdirGVY,spotify:artist:3wyVrVrFCkukjdVIdirGVY,11739901.54,5,"emo rap, miami hip hop, pop rap, rap, trap",Unknown
Tony Boy,emo,76,318012,6PsQc21YZU7WNfiODG69Qk,spotify:artist:6PsQc21YZU7WNfiODG69Qk,418436.84,2,"emo rap italiano, italian hip hop",Unknown
dandelion hands,emo,61,269385,6mOWFF6HJ6krnIpW0CHLQm,spotify:artist:6mOWFF6HJ6krnIpW0CHLQm,441614.75,4,"corecore, lo-fi emo, lo-fi indie, pov: indie",Unknown
State Champs,emo,59,355658,1qqdO7xMptucPDMopsOdkr,spotify:artist:1qqdO7xMptucPDMopsOdkr,602810.17,3,"anthem emo, pixie, pop punk",Unknown
Silverstein,emo,60,740779,1Tsag5J854qxeOo2apszug,spotify:artist:1Tsag5J854qxeOo2apszug,1234631.67,8,"canadian post-hardcore, canadian rock, metalcore, neon pop punk, pop emo, pop punk, post-hardcore, screamo",Unknown
Senses Fail,emo,57,461624,591yCCsZCLXvaJ0Rg38vLZ,spotify:artist:591yCCsZCLXvaJ0Rg38vLZ,809866.67,6,"emo, metalcore, neon pop punk, pop punk, post-hardcore, screamo",Unknown
Lund,emo,59,570274,5uLkZ7FWMTBUg1corQqdkR,spotify:artist:5uLkZ7FWMTBUg1corQqdkR,966566.1,1,emo rap,Unknown
For Revenge,emo,74,1222052,0f6TyESD8E1mD2oLJ4TGv1,spotify:artist:0f6TyESD8E1mD2oLJ4TGv1,1651421.62,3,"bandung indie, indonesian emo, indonesian post-hardcore",Unknown
Alkaline Trio,emo,58,404051,1aEYCT7t18aM3VvM6y8oVR,spotify:artist:1aEYCT7t18aM3VvM6y8oVR,696639.66,5,"chicago punk, emo, pop punk, punk, skate punk",Unknown
Dashboard Confessional,emo,58,631698,4ERtgeBbWRkFzIz6LaFCeY,spotify:artist:4ERtgeBbWRkFzIz6LaFCeY,1089134.48,4,"emo, neon pop punk, pop punk, pop rock",Unknown
TX2,emo,57,263302,1QQ0zBYrjIUnXvHf5iiV5H,spotify:artist:1QQ0zBYrjIUnXvHf5iiV5H,461933.33,1,pop emo,Unknown
"nothing,nowhere.",emo,58,435624,7FngGIEGgN3Iwauw1MvO4P,spotify:artist:7FngGIEGgN3Iwauw1MvO4P,751075.86,2,"cloud rap, emo rap",Unknown
Joyce Manor,emo,56,238933,7qbvNcfTfckhCNM8NiR8nN,spotify:artist:7qbvNcfTfckhCNM8NiR8nN,426666.07,5,"alternative emo, dreamo, emo, indie punk, lo-fi emo",Unknown
The Maine,emo,57,571839,4o0pNHbyj36LPvukNqEug0,spotify:artist:4o0pNHbyj36LPvukNqEug0,1003226.32,4,"neon pop punk, pop emo, pop punk, tempe indie",Unknown
La Dispute,emo,56,404572,7lQKE6HaKQcCsgLRMhsh5W,spotify:artist:7lQKE6HaKQcCsgLRMhsh5W,722450.0,3,"alternative emo, emo, grand rapids indie",Unknown
PXNDX,emo,68,1545180,5NNlkZBrBpOJ7C11JwVxIj,spotify:artist:5NNlkZBrBpOJ7C11JwVxIj,2272323.53,7,"emo mexicano, latin alternative, latin rock, mexican pop punk, mexican rock, punk rock mexicano, rock en espanol",Unknown
Origami Angel,emo,54,122468,0cmSXx965Hnm6fP42oW6vY,spotify:artist:0cmSXx965Hnm6fP42oW6vY,226792.59,4,"5th wave emo, alternative emo, diy emo, indie punk",Unknown
American Football,emo,56,393774,5FwydyGVcsQllnM4xM6jw4,spotify:artist:5FwydyGVcsQllnM4xM6jw4,703167.86,5,"alternative emo, dreamo, emo, math rock, midwest emo",Unknown
Turnover,emo,56,344217,0gLjJuczGWhqKVMmVpIT52,spotify:artist:0gLjJuczGWhqKVMmVpIT52,614673.21,4,"alternative emo, chill dream pop, dreamo, emo",Unknown
Brennan Savage,emo,59,410306,6SSmy635N3a4oWmPk85xpK,spotify:artist:6SSmy635N3a4oWmPk85xpK,695433.9,3,"cloud rap, dark trap, emo rap",Unknown
Free Throw,emo,54,110840,49b68DLRK5eCbtJf7Xx4Cc,spotify:artist:49b68DLRK5eCbtJf7Xx4Cc,205259.26,4,"alternative emo, anthem emo, emo, midwest emo",Unknown
Anberlin,emo,54,318830,5v61OSg53KaQxGMpErkBNp,spotify:artist:5v61OSg53KaQxGMpErkBNp,590425.93,1,pop emo,Unknown
Bring Me The Horizon,metalcore,80,6015280,1Ffb6ejR6Fe5IamqA5oRUF,spotify:artist:1Ffb6ejR6Fe5IamqA5oRUF,7519100.0,5,"melodic metalcore, metalcore, modern rock, rock, uk metalcore",Unknown
Bad Omens,metalcore,74,1506595,3Ri4H12KFyu98LMjSoij5V,spotify:artist:3Ri4H12KFyu98LMjSoij5V,2035939.19,1,american metalcore,Unknown
A Day To Remember,metalcore,71,2398547,4NiJW4q9ichVqL1aUsgGAN,spotify:artist:4NiJW4q9ichVqL1aUsgGAN,3378235.21,5,"alternative metal, metalcore, neon pop punk, pop punk, screamo",Unknown
I Prevail,metalcore,70,1594286,3Uobr6LgQpBbk6k4QGAb3V,spotify:artist:3Uobr6LgQpBbk6k4QGAb3V,2277551.43,3,"alternative metal, nu-metalcore, post-grunge",Unknown
Motionless In White,metalcore,70,1753343,6MwPCCR936cYfM1dLsGVnl,spotify:artist:6MwPCCR936cYfM1dLsGVnl,2504775.71,2,"alternative metal, metalcore",Unknown
Ice Nine Kills,metalcore,69,1010646,52qKfVcIV4GS8A8Vay2xtt,spotify:artist:52qKfVcIV4GS8A8Vay2xtt,1464704.35,1,metalcore,Unknown
Spiritbox,metalcore,67,752452,4MzJMcHQBl9SIYSjwWn8QW,spotify:artist:4MzJMcHQBl9SIYSjwWn8QW,1123062.69,1,canadian metalcore,Unknown
Bullet For My Valentine,metalcore,68,3164295,7iWiAD5LLKyiox2grgfmUT,spotify:artist:7iWiAD5LLKyiox2grgfmUT,4653375.0,5,"alternative metal, nu metal, post-grunge, uk metalcore, welsh metal",Unknown
The Plot In You,metalcore,66,461268,1cJ5tVoeAEFcZBAwSZ0CtF,spotify:artist:1cJ5tVoeAEFcZBAwSZ0CtF,698890.91,1,metalcore,Unknown
Asking Alexandria,metalcore,66,2264419,1caBfBEapzw8z2Qz9q0OaQ,spotify:artist:1caBfBEapzw8z2Qz9q0OaQ,3430937.88,6,"alternative metal, metalcore, pop punk, post-grunge, trancecore, uk metalcore",Unknown
Killswitch Engage,metalcore,65,1977910,37394IP6uhnjIpsawpMu4l,spotify:artist:37394IP6uhnjIpsawpMu4l,3042938.46,6,"alternative metal, boston metal, melodic metalcore, metalcore, nu metal, post-grunge",Unknown
Catch Your Breath,metalcore,65,169782,2fqPOGxG12nEERj8YG7p22,spotify:artist:2fqPOGxG12nEERj8YG7p22,261203.08,1,american metalcore,Unknown
Dayseeker,metalcore,63,351224,5FjQVp1Lb0kltmwIuu5kfj,spotify:artist:5FjQVp1Lb0kltmwIuu5kfj,557498.41,1,metalcore,Unknown
Escape the Fate,metalcore,64,1364779,5ojhEavq6altxW8fWIlLum,spotify:artist:5ojhEavq6altxW8fWIlLum,2132467.19,7,"alternative metal, metalcore, neon pop punk, pixie, pop punk, post-grunge, screamo",Unknown
Beartooth,metalcore,63,811492,6vwjIs0tbIiseJMR3pqwiL,spotify:artist:6vwjIs0tbIiseJMR3pqwiL,1288082.54,3,"melodic metalcore, metalcore, pop punk",Unknown
Wage War,metalcore,62,535424,6bu7CtcOMWcS0BMq7snHW6,spotify:artist:6bu7CtcOMWcS0BMq7snHW6,863587.1,2,"melodic metalcore, metalcore",Unknown
Memphis May Fire,metalcore,63,875020,7cNNNhdJDrt3vgQjwSavNf,spotify:artist:7cNNNhdJDrt3vgQjwSavNf,1388920.63,3,"melodic metalcore, metalcore, pop punk",Unknown
Of Mice & Men,metalcore,61,1318883,4tususHNaR68xdgLstlGBA,spotify:artist:4tususHNaR68xdgLstlGBA,2162103.28,5,"alternative metal, melodic metalcore, metalcore, pop punk, post-grunge",Unknown
Our Last Night,metalcore,63,1145684,00YTqRClk82aMchQQpYMd5,spotify:artist:00YTqRClk82aMchQQpYMd5,1818546.03,1,american metalcore,Unknown
Loathe,metalcore,61,381449,4G9wSdX0klmoHfjm9i6DLd,spotify:artist:4G9wSdX0klmoHfjm9i6DLd,625326.23,4,"nu-metalcore, progressive metalcore, uk metalcore, zoomergaze",Unknown
Electric Callboy,metalcore,68,900390,1WNoKxsp715jez1Td4vthc,spotify:artist:1WNoKxsp715jez1Td4vthc,1324102.94,3,"comic metal, german metalcore, trancecore",Unknown
We Came As Romans,metalcore,63,874880,6qO6LhD6FuXK5e2PtfAIMz,spotify:artist:6qO6LhD6FuXK5e2PtfAIMz,1388698.41,5,"christian rock, melodic metalcore, metalcore, pop punk, trancecore",Unknown
Underoath,metalcore,61,652480,3GzWhE2xadJiW8MqRKIVSK,spotify:artist:3GzWhE2xadJiW8MqRKIVSK,1069639.34,8,"christian metal, christian metalcore, melodic metalcore, metalcore, pop punk, post-hardcore, screamo, tampa indie",Unknown
All That Remains,metalcore,60,1381660,2zgG1GPDvjaBgxeQaVXI14,spotify:artist:2zgG1GPDvjaBgxeQaVXI14,2302766.67,5,"alternative metal, melodic metalcore, metalcore, nu metal, post-grunge",Unknown
Architects,metalcore,65,1041418,3ZztVuWxHzNpl0THurTFCv,spotify:artist:3ZztVuWxHzNpl0THurTFCv,1602181.54,5,"mathcore, melodic metalcore, metalcore, progressive metalcore, uk metalcore",Unknown
Currents,metalcore,61,265890,5pqvAI85RMxL9K0xHvSwGu,spotify:artist:5pqvAI85RMxL9K0xHvSwGu,435885.25,3,"melodic metalcore, metalcore, progressive deathcore",Unknown
As I Lay Dying,metalcore,62,1050024,2vd2HnNh4pdYa9gDVHFjEu,spotify:artist:2vd2HnNh4pdYa9gDVHFjEu,1693587.1,5,"alternative metal, christian metal, melodic metalcore, metalcore, nu metal",Unknown
Caskets,metalcore,62,184409,2XIbOWDT5vZPW7jNyzdfcK,spotify:artist:2XIbOWDT5vZPW7jNyzdfcK,297433.87,1,metalcore,Unknown
The Amity Affliction,metalcore,62,747265,6kNKUYGn6VNGsRoXmyoDPK,spotify:artist:6kNKUYGn6VNGsRoXmyoDPK,1205266.13,3,"australian metalcore, melodic metalcore, metalcore",Unknown
Silverstein,metalcore,60,740779,1Tsag5J854qxeOo2apszug,spotify:artist:1Tsag5J854qxeOo2apszug,1234631.67,8,"canadian post-hardcore, canadian rock, metalcore, neon pop punk, pop emo, pop punk, post-hardcore, screamo",Unknown
Senses Fail,metalcore,57,461624,591yCCsZCLXvaJ0Rg38vLZ,spotify:artist:591yCCsZCLXvaJ0Rg38vLZ,809866.67,6,"emo, metalcore, neon pop punk, pop punk, post-hardcore, screamo",Unknown
Atreyu,metalcore,60,979949,3LkSiHbjqOHCKCqBfEZOTv,spotify:artist:3LkSiHbjqOHCKCqBfEZOTv,1633248.33,6,"alternative metal, melodic metalcore, metalcore, nu metal, post-grunge, screamo",Unknown
Get Scared,metalcore,59,726528,5r9uIJCoquVtEkCkvcn8Ez,spotify:artist:5r9uIJCoquVtEkCkvcn8Ez,1231403.39,1,metalcore,Unknown
Trivium,metalcore,62,1612532,278ZYwGhdK6QTzE3MFePnP,spotify:artist:278ZYwGhdK6QTzE3MFePnP,2600858.06,8,"alternative metal, groove metal, melodic metalcore, melodic thrash, metal, metalcore, nu metal, post-grunge",Unknown
Slaughter to Prevail,metalcore,62,797588,24Oiw7BlvO1BETecDLJt6m,spotify:artist:24Oiw7BlvO1BETecDLJt6m,1286432.26,3,"russian metal, russian metalcore, slamming deathcore",Unknown
Polaris,metalcore,61,339029,0v2e0oznnTaIXKLGKHphfX,spotify:artist:0v2e0oznnTaIXKLGKHphfX,555785.25,4,"australian metalcore, australian post-hardcore, melodic metalcore, metalcore",Unknown
In Flames,metalcore,66,1222223,57ylwQTnFnIhJh4nu4rxCs,spotify:artist:57ylwQTnFnIhJh4nu4rxCs,1851853.03,9,"alternative metal, gothenburg metal, melodic death metal, melodic metalcore, metal, swedish alternative rock, swedish death metal, swedish melodeath, swedish metal",Unknown
Make Them Suffer,metalcore,60,302697,0FZcPgWI3BsFQl4rOAGSHT,spotify:artist:0FZcPgWI3BsFQl4rOAGSHT,504495.0,8,"australian metalcore, blackened deathcore, brutal deathcore, deathcore, melodic deathcore, melodic metalcore, metalcore, symphonic deathcore",Unknown
Lorna Shore,metalcore,61,728802,6vXYoy8ouRVib302zxaxFF,spotify:artist:6vXYoy8ouRVib302zxaxFF,1194757.38,3,"blackened deathcore, melodic metalcore, symphonic deathcore",Unknown
Parkway Drive,metalcore,63,1161442,159qqlGwzE04xyqpfAwRLo,spotify:artist:159qqlGwzE04xyqpfAwRLo,1843558.73,5,"alternative metal, australian metalcore, melodic metalcore, metalcore, nu metal",Unknown
The Devil Wears Prada,metalcore,57,668552,0NbQe5CNgh4YApOCDuHSjb,spotify:artist:0NbQe5CNgh4YApOCDuHSjb,1172898.25,4,"christian metal, christian metalcore, melodic metalcore, metalcore",Unknown
FEVER 333,metalcore,62,267030,1B0155rdv175D1tQ8VH7Oy,spotify:artist:1B0155rdv175D1tQ8VH7Oy,430693.55,2,"la indie, nu-metalcore",Unknown
August Burns Red,metalcore,57,732793,5p9CTsn5ueGU4oScNX1axu,spotify:artist:5p9CTsn5ueGU4oScNX1axu,1285601.75,4,"christian metal, christian metalcore, melodic metalcore, metalcore",Unknown
The Word Alive,metalcore,60,345239,1CF8aEN939swnuIZGFI7Hk,spotify:artist:1CF8aEN939swnuIZGFI7Hk,575398.33,3,"melodic metalcore, metalcore, trancecore",Unknown
Holding Absence,metalcore,58,153161,2tl280wIokrLjabzrSKTgU,spotify:artist:2tl280wIokrLjabzrSKTgU,264070.69,2,"metalcore, uk pop punk",Unknown
Hatebreed,metalcore,58,660088,17Mb968quDHpjCkIyq30QV,spotify:artist:17Mb968quDHpjCkIyq30QV,1138082.76,7,"alternative metal, connecticut hardcore, hardcore, industrial metal, melodic metalcore, metalcore, nu metal",Unknown
Emmure,metalcore,56,358422,1C62FV9Cltn9L4c9jAwCyk,spotify:artist:1C62FV9Cltn9L4c9jAwCyk,640039.29,5,"deathcore, melodic metalcore, metalcore, nu-metalcore, rap metal",Unknown
Counterparts,metalcore,56,219227,5LyRnL0rysObxDRxzSfV1z,spotify:artist:5LyRnL0rysObxDRxzSfV1z,391476.79,5,"canadian hardcore, canadian metal, melodic metalcore, metalcore, modern melodic hardcore",Unknown
The Ghost Inside,metalcore,57,366957,6kQB2RN7WwryMdJ1MoQh1E,spotify:artist:6kQB2RN7WwryMdJ1MoQh1E,643784.21,2,"melodic metalcore, metalcore",Unknown
Fit For A King,metalcore,56,427275,0OgdRTPItr9dw4XYp4JJUx,spotify:artist:0OgdRTPItr9dw4XYp4JJUx,762991.07,4,"christian metalcore, christian rock, melodic metalcore, metalcore",Unknown
Hozier,pop-rock,86,8076442,2FXC3k01G6Gw61bmprjgqS,spotify:artist:2FXC3k01G6Gw61bmprjgqS,9391211.63,4,"irish singer-songwriter, modern rock, pop, pov: indie",Unknown
Imagine Dragons,pop-rock,89,55313370,53XhwfbYqKCa1cC15pYq2q,spotify:artist:53XhwfbYqKCa1cC15pYq2q,62149853.93,3,"modern rock, pop, rock",Unknown
The Neighbourhood,pop-rock,86,18578425,77SW9BnxLY8rJ0RciFqkHh,spotify:artist:77SW9BnxLY8rJ0RciFqkHh,21602819.77,3,"modern alternative rock, modern rock, pop",Unknown
Twenty One Pilots,pop-rock,83,24837649,3YQKmKGau1PzlVlkL1iodx,spotify:artist:3YQKmKGau1PzlVlkL1iodx,29924878.31,4,"modern rock, pop, pov: indie, rock",Unknown
Fall Out Boy,pop-rock,80,10968185,4UXqAaa6dQYAk18Lv7PEgX,spotify:artist:4UXqAaa6dQYAk18Lv7PEgX,13710231.25,4,"emo, modern rock, pop, rock",Unknown
OneRepublic,pop-rock,84,17646695,5Pwc4xIPtQLFEnJriah9YJ,spotify:artist:5Pwc4xIPtQLFEnJriah9YJ,21007970.24,2,"piano rock, pop",Unknown
My Chemical Romance,pop-rock,81,9107725,7FBcuc1gsnv6Y1nwFtNRCb,spotify:artist:7FBcuc1gsnv6Y1nwFtNRCb,11244104.94,5,"emo, modern rock, pop punk, pov: indie, rock",Unknown
The Lumineers,pop-rock,79,5543441,16oZKvXb6WkQlVAjwo2Wbg,spotify:artist:16oZKvXb6WkQlVAjwo2Wbg,7017013.92,4,"folk-pop, modern rock, neo mellow, stomp and holler",Unknown
Paramore,pop-rock,80,8915864,74XFHRwlV6OrjEM0A2NCMF,spotify:artist:74XFHRwlV6OrjEM0A2NCMF,11144830.0,7,"candy pop, modern rock, pixie, pop, pop emo, pop punk, rock",Unknown
Dominic Fike,pop-rock,79,1934643,6USv9qhCn6zfxlBQIYJ9qs,spotify:artist:6USv9qhCn6zfxlBQIYJ9qs,2448915.19,2,"alternative pop rock, pov: indie",Unknown
blink-182,pop-rock,79,8632957,6FBDaR13swtiWwGhX1WQsP,spotify:artist:6FBDaR13swtiWwGhX1WQsP,10927793.67,6,"alternative metal, modern rock, pop punk, punk, rock, socal pop punk",Unknown
Bon Iver,pop-rock,79,3732376,4LEiUm1SRbFMgfqnQTwUbQ,spotify:artist:4LEiUm1SRbFMgfqnQTwUbQ,4724526.58,5,"chamber pop, eau claire indie, indie folk, melancholia, modern rock",Unknown
Pierce The Veil,pop-rock,75,3254179,4iJLPqClelZOBCBifm8Fzv,spotify:artist:4iJLPqClelZOBCBifm8Fzv,4338905.33,3,"modern rock, pop punk, screamo",Unknown
Weezer,pop-rock,76,3938973,3jOstUTkEu2JkjvRdBA5Gu,spotify:artist:3jOstUTkEu2JkjvRdBA5Gu,5182859.21,5,"alternative rock, modern power pop, modern rock, permanent wave, rock",Unknown
Glass Animals,pop-rock,77,4336084,4yvcSjfu4PC0CYQyLy4wSq,spotify:artist:4yvcSjfu4PC0CYQyLy4wSq,5631277.92,5,"gauze pop, indietronica, modern rock, pov: indie, shiver pop",Unknown
The Offspring,pop-rock,79,5933837,5LfGQac0EIXyAN8aUwmNAQ,spotify:artist:5LfGQac0EIXyAN8aUwmNAQ,7511186.08,7,"alternative metal, permanent wave, post-grunge, punk, rock, skate punk, socal pop punk",Unknown
Florence + The Machine,pop-rock,78,6914576,1moxjboGR7GNWYIMWsRjgG,spotify:artist:1moxjboGR7GNWYIMWsRjgG,8864841.03,4,"baroque pop, modern rock, neo mellow, uk alternative pop",Unknown
The Cranberries,pop-rock,78,4649005,7t0rwkOPGlDPEhaOcVtOt9,spotify:artist:7t0rwkOPGlDPEhaOcVtOt9,5960262.82,3,"irish rock, pop rock, rock",Unknown
Florida Georgia Line,pop-rock,73,5470818,3b8QkneNDz4JHKKKlLgYZg,spotify:artist:3b8QkneNDz4JHKKKlLgYZg,7494271.23,5,"contemporary country, country, country pop, country road, modern country rock",Unknown
Vance Joy,pop-rock,78,3210280,10exVja0key0uqUkk6LJRT,spotify:artist:10exVja0key0uqUkk6LJRT,4115743.59,2,"folk-pop, modern rock",Unknown
The 1975,pop-rock,78,7472142,3mIj9lX2MWuHmhNCA7LSCW,spotify:artist:3mIj9lX2MWuHmhNCA7LSCW,9579669.23,5,"modern alternative rock, modern rock, pop, pov: indie, rock",Unknown
Train,pop-rock,76,4354909,3FUY2gzHeIiaesXtOAdB7A,spotify:artist:3FUY2gzHeIiaesXtOAdB7A,5730143.42,4,"dance pop, neo mellow, pop, pop rock",Unknown
The Goo Goo Dolls,pop-rock,76,3002026,2sil8z5kiy4r76CRTXxBCA,spotify:artist:2sil8z5kiy4r76CRTXxBCA,3950034.21,4,"neo mellow, permanent wave, pop rock, post-grunge",Unknown
Willie Nelson,pop-rock,72,2341526,5W5bDNCqJ1jbCgTxDD0Cb3,spotify:artist:5W5bDNCqJ1jbCgTxDD0Cb3,3252119.44,7,"classic country pop, classic texas country, country, country rock, nashville sound, outlaw country, singer-songwriter",Unknown
The Beach Boys,pop-rock,74,4709827,3oDbviiivRWhXwIE8hxkVV,spotify:artist:3oDbviiivRWhXwIE8hxkVV,6364631.08,8,"baroque pop, classic rock, folk rock, mellow gold, psychedelic rock, rock, singer-songwriter, sunshine pop",Unknown
Beach House,pop-rock,74,2387145,56ZTgzPBDge0OvCGgMO3OY,spotify:artist:56ZTgzPBDge0OvCGgMO3OY,3225871.62,8,"art pop, baltimore indie, dream pop, dreamo, indie rock, indietronica, modern dream pop, pov: indie",Unknown
Måneskin,pop-rock,80,9875702,0lAWpj5szCSwM4rUMHYmrr,spotify:artist:0lAWpj5szCSwM4rUMHYmrr,12344627.5,2,"indie rock italiano, italian pop",Unknown
Maná,pop-rock,80,11945656,7okwEbXzyT2VffBmyQBWLz,spotify:artist:7okwEbXzyT2VffBmyQBWLz,14932070.0,6,"latin arena pop, latin pop, latin rock, mexican pop, mexican rock, rock en espanol",Unknown
Wham!,pop-rock,76,2848897,5lpH0xAS4fVfLkACg9DAuM,spotify:artist:5lpH0xAS4fVfLkACg9DAuM,3748548.68,4,"new romantic, new wave, new wave pop, soft rock",Unknown
Sam Hunt,pop-rock,70,2351431,2kucQ9jQwuD8jWdtR9Ef38,spotify:artist:2kucQ9jQwuD8jWdtR9Ef38,3359187.14,4,"contemporary country, country, country pop, modern country rock",Unknown
The Script,pop-rock,78,8304396,3AQRLZ9PuTAozP28Skbq8V,spotify:artist:3AQRLZ9PuTAozP28Skbq8V,10646661.54,2,"celtic rock, pop",Unknown
Tears For Fears,pop-rock,75,3662330,4bthk9UfsYUYdcFyqxmSUU,spotify:artist:4bthk9UfsYUYdcFyqxmSUU,4883106.67,7,"new romantic, new wave, new wave pop, permanent wave, rock, sophisti-pop, synthpop",Unknown
Bastille,pop-rock,76,5587546,7EQ0qTo7fWT7DPxmxtSYEc,spotify:artist:7EQ0qTo7fWT7DPxmxtSYEc,7352034.21,3,"metropopolis, modern rock, pop",Unknown
Rise Against,pop-rock,73,2776173,6Wr3hh341P84m3EI8qdn9O,spotify:artist:6Wr3hh341P84m3EI8qdn9O,3802976.71,8,"alternative metal, chicago hardcore, chicago punk, hardcore punk, modern rock, pop punk, post-grunge, punk",Unknown
The Fray,pop-rock,73,4098382,0zOcE3mg9nS6l3yxt1Y0bK,spotify:artist:0zOcE3mg9nS6l3yxt1Y0bK,5614221.92,4,"neo mellow, piano rock, pop, pop rock",Unknown
Big Thief,pop-rock,71,979904,5QdyldG4Fl4TPiOIeMNpBZ,spotify:artist:5QdyldG4Fl4TPiOIeMNpBZ,1380146.48,8,"art pop, brooklyn indie, chamber pop, countrygaze, indie pop, indie rock, pov: indie, small room",Unknown
Sum 41,pop-rock,75,4014622,0qT79UgT5tY4yudH9VfsdT,spotify:artist:0qT79UgT5tY4yudH9VfsdT,5352829.33,8,"alternative metal, canadian pop punk, canadian punk, modern rock, pop punk, post-grunge, punk, rock",Unknown
Father John Misty,pop-rock,71,871720,2kGBy2WHvF0VdZyqiVCkDT,spotify:artist:2kGBy2WHvF0VdZyqiVCkDT,1227774.65,5,"art pop, chamber pop, indie rock, singer-songwriter, stomp and holler",Unknown
All Time Low,pop-rock,70,3080302,46gyXjRIvN1NL1eCB8GBxo,spotify:artist:46gyXjRIvN1NL1eCB8GBxo,4400431.43,3,"modern rock, neon pop punk, pop punk",Unknown
Bryan Adams,pop-rock,77,3971042,3Z02hBLubJxuFJfhacLSDc,spotify:artist:3Z02hBLubJxuFJfhacLSDc,5157197.4,6,"canadian pop, canadian singer-songwriter, classic canadian rock, heartland rock, mellow gold, soft rock",Unknown
Jimmy Eat World,pop-rock,70,1630724,3Ayl7mCk0nScecqOzvNp6s,spotify:artist:3Ayl7mCk0nScecqOzvNp6s,2329605.71,11,"alternative metal, alternative rock, emo, modern power pop, modern rock, neon pop punk, pop punk, pop rock, post-grunge, punk, rock",Unknown
The All-American Rejects,pop-rock,68,2717559,3vAaWhdBR38Q02ohXqaNHT,spotify:artist:3vAaWhdBR38Q02ohXqaNHT,3996410.29,7,"alternative metal, modern rock, neo mellow, neon pop punk, pop punk, pop rock, post-grunge",Unknown
X Ambassadors,pop-rock,73,3042132,3NPpFNZtSTHheNBaWC82rB,spotify:artist:3NPpFNZtSTHheNBaWC82rB,4167304.11,3,"modern alternative rock, modern rock, stomp pop",Unknown
The Ronettes,pop-rock,71,342687,7CyeXFnOrfC1N6z4naIpgo,spotify:artist:7CyeXFnOrfC1N6z4naIpgo,482657.75,4,"brill building pop, classic girl group, motown, rock-and-roll",Unknown
Sufjan Stevens,pop-rock,72,2118166,4MXUO7sVCaFgFjoTI5ox5c,spotify:artist:4MXUO7sVCaFgFjoTI5ox5c,2941897.22,6,"art pop, baroque pop, chamber pop, indie pop, indie rock, singer-songwriter",Unknown
John Denver,pop-rock,71,2312674,7EK1bQADBoqbYXnT4Cqv9w,spotify:artist:7EK1bQADBoqbYXnT4Cqv9w,3257287.32,6,"classic country pop, folk, folk rock, mellow gold, singer-songwriter, soft rock",Unknown
Matchbox Twenty,pop-rock,69,2564093,3Ngh2zDBRPEriyxQDAMKd1,spotify:artist:3Ngh2zDBRPEriyxQDAMKd1,3716076.81,3,"neo mellow, pop rock, post-grunge",Unknown
Juanes,pop-rock,77,4995766,0UWZUmn7sybxMCqrw9tGa7,spotify:artist:0UWZUmn7sybxMCqrw9tGa7,6488007.79,4,"colombian pop, latin pop, mexican pop, rock en espanol",Unknown
No Doubt,pop-rock,70,2928160,0cQbJU1aAzvbEmTuljWLlF,spotify:artist:0cQbJU1aAzvbEmTuljWLlF,4183085.71,5,"dance pop, dance rock, permanent wave, pop rock, rock",Unknown
Dido,pop-rock,76,1923659,2mpeljBig2IXLXRAFO9AAs,spotify:artist:2mpeljBig2IXLXRAFO9AAs,2531130.26,5,"dance pop, europop, lilith, neo mellow, pop rock",Unknown
Linkin Park,metal,93,27698423,6XyY86QOPPrYVGvF9ch6wz,spotify:artist:6XyY86QOPPrYVGvF9ch6wz,29783250.54,5,"alternative metal, nu metal, post-grunge, rap metal, rock",Unknown
Deftones,metal,81,6207308,6Ghvu1VvMGScGpOUJBAHNH,spotify:artist:6Ghvu1VvMGScGpOUJBAHNH,7663343.21,5,"alternative metal, nu metal, rap metal, rock, sacramento indie",Unknown
Red Hot Chili Peppers,metal,84,21638220,0L8ExT028jH3ddEcZwqJJ5,spotify:artist:0L8ExT028jH3ddEcZwqJJ5,25759785.71,5,"alternative rock, funk metal, funk rock, permanent wave, rock",Unknown
Metallica,metal,84,29034256,2ye2Wgw4gimLv2eAKyk1NB,spotify:artist:2ye2Wgw4gimLv2eAKyk1NB,34564590.48,5,"hard rock, metal, old school thrash, rock, thrash metal",Unknown
System Of A Down,metal,83,11715877,5eAWCfyUhZtHHtBdNk56l1,spotify:artist:5eAWCfyUhZtHHtBdNk56l1,14115514.46,4,"alternative metal, nu metal, rap metal, rock",Unknown
Nickelback,metal,80,7184682,6deZN1bslXzeGvOLaLMOIF,spotify:artist:6deZN1bslXzeGvOLaLMOIF,8980852.5,3,"alternative metal, canadian rock, post-grunge",Unknown
Slipknot,metal,81,12181851,05fG473iIaoy82BF1aGhL8,spotify:artist:05fG473iIaoy82BF1aGhL8,15039322.22,4,"alternative metal, nu metal, rap metal, rock",Unknown
blink-182,metal,79,8632957,6FBDaR13swtiWwGhX1WQsP,spotify:artist:6FBDaR13swtiWwGhX1WQsP,10927793.67,6,"alternative metal, modern rock, pop punk, punk, rock, socal pop punk",Unknown
Three Days Grace,metal,78,6428341,2xiIXseIJcq3nG7C8fHeBj,spotify:artist:2xiIXseIJcq3nG7C8fHeBj,8241462.82,6,"alternative metal, canadian metal, canadian rock, nu metal, post-grunge, rock",Unknown
Sleep Token,metal,77,1633371,2n2RSaZqBuUUukhbLlpnE6,spotify:artist:2n2RSaZqBuUUukhbLlpnE6,2121261.04,1,prog metal,Unknown
Korn,metal,78,8249355,3RNrq3jvMZxD9ZyoOZbQOD,spotify:artist:3RNrq3jvMZxD9ZyoOZbQOD,10576096.15,7,"alternative metal, funk metal, hard rock, nu metal, post-grunge, rap metal, rock",Unknown
Bring Me The Horizon,metal,80,6015280,1Ffb6ejR6Fe5IamqA5oRUF,spotify:artist:1Ffb6ejR6Fe5IamqA5oRUF,7519100.0,5,"melodic metalcore, metalcore, modern rock, rock, uk metalcore",Unknown
Alice In Chains,metal,75,5402137,64tNsm6TnZe2zpcMVMOoHL,spotify:artist:64tNsm6TnZe2zpcMVMOoHL,7202849.33,6,"alternative metal, alternative rock, grunge, hard rock, nu metal, rock",Unknown
The Offspring,metal,79,5933837,5LfGQac0EIXyAN8aUwmNAQ,spotify:artist:5LfGQac0EIXyAN8aUwmNAQ,7511186.08,7,"alternative metal, permanent wave, post-grunge, punk, rock, skate punk, socal pop punk",Unknown
Creed,metal,75,3611076,43sZBwHjahUvgbx1WNIkIz,spotify:artist:43sZBwHjahUvgbx1WNIkIz,4814768.0,4,"alternative metal, nu metal, post-grunge, rock",Unknown
Foo Fighters,metal,78,12160717,7jy3rLJdDQY21OgRLCZ9sD,spotify:artist:7jy3rLJdDQY21OgRLCZ9sD,15590662.82,6,"alternative metal, alternative rock, modern rock, permanent wave, post-grunge, rock",Unknown
Falling In Reverse,metal,76,3557165,2CmaKO2zEGJ1NWpS1yfVGz,spotify:artist:2CmaKO2zEGJ1NWpS1yfVGz,4680480.26,2,"alternative metal, rap metal",Unknown
Guns N' Roses,metal,81,32319431,3qm84nBOXUEQ2vnTfUTTFC,spotify:artist:3qm84nBOXUEQ2vnTfUTTFC,39900532.1,3,"glam metal, hard rock, rock",Unknown
The Smashing Pumpkins,metal,75,5418651,40Yq4vzPs9VNUrIBG5Jr2i,spotify:artist:40Yq4vzPs9VNUrIBG5Jr2i,7224868.0,6,"alternative metal, alternative rock, grunge, permanent wave, rock, spacegrunge",Unknown
Avenged Sevenfold,metal,78,9312305,0nmQIMXWTXfhgOBdNzhGOs,spotify:artist:0nmQIMXWTXfhgOBdNzhGOs,11938852.56,1,alternative metal,Unknown
Limp Bizkit,metal,78,6565492,165ZgPlLkK7bf5bDoFc6Sb,spotify:artist:165ZgPlLkK7bf5bDoFc6Sb,8417297.44,6,"alternative metal, funk metal, nu metal, post-grunge, rap metal, rock",Unknown
Breaking Benjamin,metal,74,4772005,5BtHciL0e0zOP7prIHn3pP,spotify:artist:5BtHciL0e0zOP7prIHn3pP,6448655.41,3,"alternative metal, nu metal, post-grunge",Unknown
Five Finger Death Punch,metal,75,6564961,5t28BP42x2axFnqOOMg3CM,spotify:artist:5t28BP42x2axFnqOOMg3CM,8753281.33,3,"alternative metal, groove metal, nu metal",Unknown
Bon Jovi,metal,80,14194152,58lV9VcRSjABbAbfWS6skp,spotify:artist:58lV9VcRSjABbAbfWS6skp,17742690.0,2,"glam metal, rock",Unknown
Shinedown,metal,72,4217564,70BYFdaZbEKbeauJ670ysI,spotify:artist:70BYFdaZbEKbeauJ670ysI,5857727.78,3,"alternative metal, nu metal, post-grunge",Unknown
Disturbed,metal,77,6969397,3TOqt5oJwL9BE2NG9MEwDa,spotify:artist:3TOqt5oJwL9BE2NG9MEwDa,9051164.94,4,"alternative metal, nu metal, rap metal, rock",Unknown
Pearl Jam,metal,77,9169907,1w5Kfo2jwwIPruYS2UWh56,spotify:artist:1w5Kfo2jwwIPruYS2UWh56,11908970.13,7,"alternative metal, alternative rock, classic rock, grunge, hard rock, permanent wave, rock",Unknown
Skillet,metal,76,5362929,49bzE5vRBRIota4qeHtQM8,spotify:artist:49bzE5vRBRIota4qeHtQM8,7056485.53,4,"alternative metal, christian alternative rock, christian music, christian rock",Unknown
Bad Omens,metal,74,1506595,3Ri4H12KFyu98LMjSoij5V,spotify:artist:3Ri4H12KFyu98LMjSoij5V,2035939.19,1,american metalcore,Unknown
Papa Roach,metal,74,5440065,4RddZ3iHvSpGV4dvATac9X,spotify:artist:4RddZ3iHvSpGV4dvATac9X,7351439.19,5,"alternative metal, nu metal, rap metal, rap rock, rock",Unknown
3 Doors Down,metal,73,4520658,2RTUTCvo6onsAnheUk3aL9,spotify:artist:2RTUTCvo6onsAnheUk3aL9,6192682.19,4,"alternative metal, nu metal, post-grunge, rock",Unknown
Seether,metal,71,3527024,6B5c4sch27tWHAGdarpPaW,spotify:artist:6B5c4sch27tWHAGdarpPaW,4967639.44,4,"alternative metal, nu metal, post-grunge, south african rock",Unknown
Evanescence,metal,76,4929200,5nGIFgo0shDenQYSE0Sn7c,spotify:artist:5nGIFgo0shDenQYSE0Sn7c,6485789.47,1,alternative metal,Unknown
Ghost,metal,75,3353639,1Qp56T7n950O3EGMsSl81D,spotify:artist:1Qp56T7n950O3EGMsSl81D,4471518.67,2,"hard rock, metal",Unknown
A Day To Remember,metal,71,2398547,4NiJW4q9ichVqL1aUsgGAN,spotify:artist:4NiJW4q9ichVqL1aUsgGAN,3378235.21,5,"alternative metal, metalcore, neon pop punk, pop punk, screamo",Unknown
Ozzy Osbourne,metal,73,5862393,6ZLTlhejhndI4Rh53vYhrY,spotify:artist:6ZLTlhejhndI4Rh53vYhrY,8030675.34,8,"album rock, alternative metal, birmingham metal, classic rock, glam metal, hard rock, metal, rock",Unknown
TOOL,metal,72,3961722,2yEwvVSSSUkcLeSTNyHKh8,spotify:artist:2yEwvVSSSUkcLeSTNyHKh8,5502391.67,7,"alternative metal, art rock, nu metal, post-grunge, progressive metal, progressive rock, rock",Unknown
Rammstein,metal,80,10530536,6wWVKhxIU2cEi0K81v7HvP,spotify:artist:6wWVKhxIU2cEi0K81v7HvP,13163170.0,5,"german metal, industrial, industrial metal, industrial rock, neue deutsche harte",Unknown
Black Sabbath,metal,74,8313247,5M52tdBnJaKSvOpJGz8mfZ,spotify:artist:5M52tdBnJaKSvOpJGz8mfZ,11234117.57,9,"album rock, alternative metal, birmingham metal, classic rock, hard rock, metal, rock, stoner rock, uk doom metal",Unknown
Rise Against,metal,73,2776173,6Wr3hh341P84m3EI8qdn9O,spotify:artist:6Wr3hh341P84m3EI8qdn9O,3802976.71,8,"alternative metal, chicago hardcore, chicago punk, hardcore punk, modern rock, pop punk, post-grunge, punk",Unknown
Incubus,metal,71,3376743,3YcBF2ttyueytpXtEzn1Za,spotify:artist:3YcBF2ttyueytpXtEzn1Za,4755976.06,8,"alternative metal, alternative rock, funk metal, funk rock, modern rock, nu metal, post-grunge, rock",Unknown
Mötley Crüe,metal,72,5398494,0cc6vw3VN8YlIcvr1v7tBL,spotify:artist:0cc6vw3VN8YlIcvr1v7tBL,7497908.33,7,"album rock, alternative metal, glam metal, hard rock, metal, rock, sleaze rock",Unknown
Pantera,metal,72,5373603,14pVkFUHDL207LzLHtSA18,spotify:artist:14pVkFUHDL207LzLHtSA18,7463337.5,8,"alternative metal, groove metal, hard rock, metal, nu metal, old school thrash, rock, texas metal",Unknown
Rob Zombie,metal,70,3196969,3HVdAiMNjYrQIKlOGxoGh5,spotify:artist:3HVdAiMNjYrQIKlOGxoGh5,4567098.57,7,"alternative metal, hard rock, industrial metal, industrial rock, nu metal, post-grunge, rock",Unknown
Staind,metal,69,2650647,5KDIH2gF0VpelTqyQS7udb,spotify:artist:5KDIH2gF0VpelTqyQS7udb,3841517.39,3,"alternative metal, nu metal, post-grunge",Unknown
Rage Against The Machine,metal,73,6268457,2d0hyoQ5ynDBnkvAbJKORj,spotify:artist:2d0hyoQ5ynDBnkvAbJKORj,8586927.4,11,"alternative metal, alternative rock, conscious hip hop, funk metal, hard rock, nu metal, political hip hop, post-grunge, rap metal, rap rock, rock",Unknown
Sum 41,metal,75,4014622,0qT79UgT5tY4yudH9VfsdT,spotify:artist:0qT79UgT5tY4yudH9VfsdT,5352829.33,8,"alternative metal, canadian pop punk, canadian punk, modern rock, pop punk, post-grunge, punk, rock",Unknown
Godsmack,metal,69,3372234,6gZq1Q6bdOxsUPUG1TaFbF,spotify:artist:6gZq1Q6bdOxsUPUG1TaFbF,4887295.65,4,"alternative metal, nu metal, post-grunge, rap metal",Unknown
Def Leppard,metal,71,5202600,6H1RjVyNruCmrBEWRbD0VZ,spotify:artist:6H1RjVyNruCmrBEWRbD0VZ,7327605.63,6,"album rock, classic rock, glam metal, hard rock, nwobhm, rock",Unknown
I Prevail,metal,70,1594286,3Uobr6LgQpBbk6k4QGAb3V,spotify:artist:3Uobr6LgQpBbk6k4QGAb3V,2277551.43,3,"alternative metal, nu-metalcore, post-grunge",Unknown
